{
  "trainExactMatch": 0.0018484288354898336,
  "validationExactMatch": 0.043076923076923075,
  "testExactMatch": 0.016566265060240965,
  "trainTokenAccuracy": 0.15149478153192994,
  "validationTokenAccuracy": 0.19376083188908147,
  "testTokenAccuracy": 0.15030885380919698
}