{
  "sourceExperiment": "stability_experiment_20260427_230251.json",
  "evaluationDataset": "dataset/valid_preprocess.tsv",
  "models": {
    "RNN": {
      "run_10": {
        "accuracy": 0.792063492063492,
        "macroF1": 0.7002502963601361,
        "weightedF1": 0.7843054252420059,
        "confusionMatrix": [
          [
            297,
            86,
            11
          ],
          [
            74,
            650,
            11
          ],
          [
            33,
            47,
            51
          ]
        ]
      },
      "run_1": {
        "accuracy": 0.780952380952381,
        "macroF1": 0.6370702479541454,
        "weightedF1": 0.7695307412287247,
        "confusionMatrix": [
          [
            271,
            84,
            39
          ],
          [
            47,
            678,
            10
          ],
          [
            63,
            33,
            35
          ]
        ]
      },
      "run_2": {
        "accuracy": 0.7968253968253968,
        "macroF1": 0.7124398201677095,
        "weightedF1": 0.7898925491179203,
        "confusionMatrix": [
          [
            279,
            102,
            13
          ],
          [
            54,
            666,
            15
          ],
          [
            38,
            34,
            59
          ]
        ]
      },
      "run_3": {
        "accuracy": 0.7785714285714286,
        "macroF1": 0.656005844373084,
        "weightedF1": 0.767630270792104,
        "confusionMatrix": [
          [
            280,
            94,
            20
          ],
          [
            60,
            661,
            14
          ],
          [
            50,
            41,
            40
          ]
        ]
      },
      "run_4": {
        "accuracy": 0.7912698412698412,
        "macroF1": 0.7001901932672278,
        "weightedF1": 0.7820104960072412,
        "confusionMatrix": [
          [
            268,
            107,
            19
          ],
          [
            53,
            674,
            8
          ],
          [
            26,
            50,
            55
          ]
        ]
      },
      "run_5": {
        "accuracy": 0.7936507936507936,
        "macroF1": 0.6848560701334918,
        "weightedF1": 0.7859376663747047,
        "confusionMatrix": [
          [
            275,
            87,
            32
          ],
          [
            53,
            674,
            8
          ],
          [
            52,
            28,
            51
          ]
        ]
      },
      "run_6": {
        "accuracy": 0.7444444444444445,
        "macroF1": 0.6463389966390183,
        "weightedF1": 0.732362311094666,
        "confusionMatrix": [
          [
            243,
            142,
            9
          ],
          [
            72,
            649,
            14
          ],
          [
            29,
            56,
            46
          ]
        ]
      },
      "run_7": {
        "accuracy": 0.7404761904761905,
        "macroF1": 0.6680422883671341,
        "weightedF1": 0.7373152923051262,
        "confusionMatrix": [
          [
            255,
            117,
            22
          ],
          [
            100,
            615,
            20
          ],
          [
            36,
            32,
            63
          ]
        ]
      },
      "run_8": {
        "accuracy": 0.7714285714285715,
        "macroF1": 0.7043840579549226,
        "weightedF1": 0.7662343828750684,
        "confusionMatrix": [
          [
            270,
            117,
            7
          ],
          [
            76,
            638,
            21
          ],
          [
            24,
            43,
            64
          ]
        ]
      },
      "run_9": {
        "accuracy": 0.7746031746031746,
        "macroF1": 0.6276797854557745,
        "weightedF1": 0.7564050876559258,
        "confusionMatrix": [
          [
            271,
            104,
            19
          ],
          [
            56,
            676,
            3
          ],
          [
            54,
            48,
            29
          ]
        ]
      }
    },
    "LSTM": {
      "run_10": {
        "accuracy": 0.8523809523809524,
        "macroF1": 0.8028172922468678,
        "weightedF1": 0.8502522475652923,
        "confusionMatrix": [
          [
            312,
            70,
            12
          ],
          [
            43,
            677,
            15
          ],
          [
            21,
            25,
            85
          ]
        ]
      },
      "run_1": {
        "accuracy": 0.8547619047619047,
        "macroF1": 0.814441736845921,
        "weightedF1": 0.8535475412804205,
        "confusionMatrix": [
          [
            305,
            70,
            19
          ],
          [
            46,
            676,
            13
          ],
          [
            18,
            17,
            96
          ]
        ]
      },
      "run_2": {
        "accuracy": 0.8547619047619047,
        "macroF1": 0.8061550571142858,
        "weightedF1": 0.8527720173940555,
        "confusionMatrix": [
          [
            329,
            57,
            8
          ],
          [
            59,
            668,
            8
          ],
          [
            27,
            24,
            80
          ]
        ]
      },
      "run_3": {
        "accuracy": 0.8634920634920635,
        "macroF1": 0.8233478412400409,
        "weightedF1": 0.8623898045495362,
        "confusionMatrix": [
          [
            340,
            50,
            4
          ],
          [
            62,
            663,
            10
          ],
          [
            25,
            21,
            85
          ]
        ]
      },
      "run_4": {
        "accuracy": 0.8571428571428571,
        "macroF1": 0.8170774316455295,
        "weightedF1": 0.8558992799934226,
        "confusionMatrix": [
          [
            321,
            64,
            9
          ],
          [
            55,
            671,
            9
          ],
          [
            27,
            16,
            88
          ]
        ]
      },
      "run_5": {
        "accuracy": 0.8698412698412699,
        "macroF1": 0.8304200647323801,
        "weightedF1": 0.8694082330149954,
        "confusionMatrix": [
          [
            343,
            46,
            5
          ],
          [
            58,
            664,
            13
          ],
          [
            29,
            13,
            89
          ]
        ]
      },
      "run_6": {
        "accuracy": 0.8261904761904761,
        "macroF1": 0.7738066670894458,
        "weightedF1": 0.8258190418571746,
        "confusionMatrix": [
          [
            335,
            50,
            9
          ],
          [
            92,
            631,
            12
          ],
          [
            36,
            20,
            75
          ]
        ]
      },
      "run_7": {
        "accuracy": 0.8547619047619047,
        "macroF1": 0.8068420302013134,
        "weightedF1": 0.8528094827592667,
        "confusionMatrix": [
          [
            321,
            63,
            10
          ],
          [
            52,
            673,
            10
          ],
          [
            26,
            22,
            83
          ]
        ]
      },
      "run_8": {
        "accuracy": 0.8539682539682539,
        "macroF1": 0.8115939803739073,
        "weightedF1": 0.8531819607818357,
        "confusionMatrix": [
          [
            326,
            60,
            8
          ],
          [
            59,
            663,
            13
          ],
          [
            30,
            14,
            87
          ]
        ]
      },
      "run_9": {
        "accuracy": 0.8428571428571429,
        "macroF1": 0.7876400287512455,
        "weightedF1": 0.8396334750950158,